bandwidth,selected_bandwidth,validation_loss,u0,hour,rep,m_target,ScalarRidge_lambda,LR,LR_mae,LR_r2,Pooled,Pooled_mae,Pooled_r2,DVCM,DVCM_mae,DVCM_r2,ScalarRidge,ScalarRidge_mae,ScalarRidge_r2,TL,TL_mae,TL_r2
0.03,0.03,0.11993817121929429,0.0,0.0,0,352,1e-05,0.24689335764944523,0.3324074005207892,0.6686526774322481,0.24765405666816556,0.36909807048569787,0.6676317687065837,0.22898817235267754,0.34631745261381,0.6926826281147904,0.26492772640408857,0.33562906347614163,0.644449353949017,0.23021252032261147,0.3211009695901545,0.6910394716297752
0.2,0.2,0.22422334730258106,0.0,0.0,1,352,0.1,0.19215010413308514,0.2970578673169724,0.7467399843820253,0.18217492357158868,0.31151236831121976,0.7598875931027937,0.5155370747888163,0.6457399926694509,0.32050555891330645,0.1701589898180232,0.281345721407178,0.7757249801488336,0.1625009728586733,0.27827631274439135,0.7858184927361824
0.02,0.02,0.0894392493224029,0.0,0.0,2,352,10.0,0.31522443307037634,0.3407512590394868,0.65331363211007,0.236220021221603,0.3750801164587176,0.740203319956749,0.2865700321755658,0.33561884340131626,0.6848279727768861,0.47050114831422946,0.3425709315497727,0.4825390512775243,0.31699215272999687,0.343481578583217,0.6513694798047673
0.03,0.03,0.1451539198939831,0.0,0.0,3,352,10.0,0.20610098679742417,0.31885139193117157,0.7554117156874535,0.23581836857154836,0.35842228340969035,0.7201449101503301,0.21130155975565001,0.3463456639652299,0.7492399877541713,0.1777307049803564,0.30649766499489106,0.7890798638265033,0.21150584118853039,0.310240348281629,0.7489975588072676
0.075,0.075,0.09069093936690603,0.0,0.0,4,352,10.0,0.1188113025604562,0.2573541221932957,0.834888867291361,0.16555900122596942,0.3139105719045779,0.7699239581299833,0.21662761859333357,0.38326739656703573,0.6989543022329863,0.11356377503617675,0.256449484949084,0.8421813150196626,0.12054121810035724,0.2539459556153451,0.8324848172714735
0.05,0.05,0.20895853462329483,0.043478260869565216,1.0,0,352,10.0,0.3388551320859119,0.40293775467692444,0.4940192179860642,0.3502368595877809,0.4237162401668728,0.4770239452669687,0.31419799428513034,0.4199070218602509,0.5308374234234889,0.30508101338180704,0.3898725559457306,0.5444509611576616,0.3135076365413474,0.3955481293819892,0.5318682702898723
0.05,0.05,0.21342451498661172,0.043478260869565216,1.0,1,352,1.0,0.3272239923217697,0.38661629286904575,0.5039659022215872,0.2902973716326252,0.3740149037240711,0.5599424302493179,0.28006192049298007,0.38973487755088104,0.575458201985323,0.27242557862769673,0.3503794484767771,0.5870340217184574,0.2595533369906987,0.3535323883383216,0.6065468658760318
0.1,0.1,0.2323524286895098,0.043478260869565216,1.0,2,352,10.0,0.29738129596553703,0.37970989295705876,0.6419080852538955,0.356755067073179,0.437341959603357,0.5704131134110921,0.34065746360444465,0.46700224618508895,0.5897970549270732,0.26814506241329117,0.3701942204608811,0.6771129182232873,0.2856454450291934,0.36871013398414787,0.6560398191254742
0.02,0.02,0.200797940131659,0.043478260869565216,1.0,3,352,0.1,0.582711587818065,0.42123234830071343,0.2293230336262122,0.3146291503214206,0.402255208698598,0.5838808697619696,0.3423354269842683,0.39922936303014056,0.5472373746017136,0.3686594044754711,0.4172973024339128,0.5124220670980877,0.42634323414944386,0.4151870606341394,0.43613115442133543
0.05,0.05,0.16671659603221828,0.043478260869565216,1.0,4,352,0.1,0.5017830482371902,0.34871132965152773,0.23143467286146124,0.2536360789556953,0.3587569663946083,0.6115135880306283,0.24211198799948613,0.3444994740564229,0.6291646760194487,0.307991519176259,0.35628648539865493,0.5282590682901971,0.2969743339198742,0.333768139510863,0.5451337447474154
0.02,0.02,0.19047288615816554,0.08695652173913043,2.0,0,352,10.0,0.371073773290109,0.42272537662357906,0.460011523059659,0.3744512869339683,0.44748803514958096,0.455096547710628,0.32038816272771814,0.40718230566201546,0.5337694860860001,0.3193384608186434,0.398863944588855,0.5352970177412202,0.31531980055430586,0.40469114651466714,0.5411449929733144
0.02,0.02,0.2866049836266254,0.08695652173913043,2.0,1,352,10.0,0.3293981776890008,0.39758406854172706,0.49798633195381414,0.3132989467543861,0.41051117354642785,0.5225220899562132,0.3033419693575451,0.3824051945112886,0.5376968513368316,0.30201870901042105,0.3830825713308508,0.5397135436734448,0.2811326901911855,0.36513972797383376,0.5715445240142819
0.2,0.2,0.1793701770073102,0.08695652173913043,2.0,2,352,1.0,0.2750902835830554,0.38158503191912124,0.650773895026771,0.34340441757863,0.445043820265275,0.5640493527450336,0.2941254297505958,0.3968885338745221,0.626608846857488,0.27273932213292124,0.3843655435929389,0.6537584319558067,0.27091188111036024,0.38259073150012424,0.6560783616242226
0.02,0.02,0.2565518146064525,0.08695652173913043,2.0,3,352,10.0,0.307436208742817,0.4052888472499079,0.5678872323232294,0.31581277210956443,0.42461984313067785,0.5561136679964163,0.2989620860272002,0.3995487844740752,0.5797979198614724,0.323869944641985,0.4085982385505237,0.5447890190981273,0.2840558261423488,0.3907607764907332,0.6007492100198177
0.02,0.02,0.19851636027039354,0.08695652173913043,2.0,4,352,10.0,0.24364668242569193,0.35657841702157417,0.6270292771620523,0.2867994233859654,0.4121021038334301,0.560971702200815,0.24102847066237246,0.3534840044029593,0.6310371968438888,0.2453094868213674,0.35677246317290395,0.6244838808889783,0.22848362017347534,0.3449471991732254,0.6502406676572658
0.02,0.02,0.17700760889211462,0.13043478260869565,3.0,0,352,1e-05,0.6254588342632977,0.42546278304081536,0.05470724298360985,0.32296452449840946,0.4270003408094977,0.5118847011871139,0.2516136930733586,0.3682318373837028,0.619721413146969,0.7625682503492313,0.46545717005500914,-0.15251428918555354,0.5041681709785748,0.40986141872988774,0.2380209627934996
0.03,0.03,0.31156065419788587,0.13043478260869565,3.0,1,352,1.0,0.29135820324977474,0.3700204026775867,0.5853550943562202,0.3211917818205212,0.41401089248719225,0.5428975927876831,0.2997209970367196,0.37739331384619434,0.5734536280442061,0.27845186923861,0.3650754221063555,0.6037226762144827,0.2794199415118004,0.36412582149377315,0.6023449692136289
0.15,0.15,0.2246129389209874,0.13043478260869565,3.0,2,352,1.0,0.28456642248605074,0.3682577610215024,0.6705034233120897,0.38715717303639363,0.4506552778781996,0.5517146329450944,0.45340803728512763,0.4967783116593199,0.4750034286439495,0.3082850797451018,0.404268283832736,0.6430398304460893,0.3163728205498798,0.4023198915797161,0.6336751173326013
0.03,0.03,0.21836690853199614,0.13043478260869565,3.0,3,352,0.1,0.23424043498582078,0.3811229822489723,0.6655888691684202,0.2964754456644949,0.4250112256638303,0.5767396476425521,0.25428443758341696,0.3939361115447561,0.6369732393542977,0.28085692052202943,0.40938983320249756,0.5990372866267417,0.2373700207554052,0.3812491719992961,0.6611209457874526
0.02,0.02,0.20615168705680018,0.13043478260869565,3.0,4,352,10.0,0.3095367778152437,0.3797732103309935,0.5202255795607089,0.27817117396245117,0.38156007422454385,0.5688414969208877,0.24645218809068525,0.3533458259448124,0.6180051477508768,0.24463992659049022,0.352438426655715,0.6208141086668539,0.2593252930360935,0.35855312080621443,0.5980521505399159
0.075,0.075,0.1633461990927416,0.17391304347826086,4.0,0,352,0.01,0.27318126296228956,0.371609871841453,0.5317864932866262,0.371336264450944,0.4352594372348703,0.363555711460263,0.44973247807943495,0.4920417568424956,0.2291901049101771,0.2906378114534421,0.3910989365549938,0.5018671946659048,0.2566424227195118,0.3595569903532855,0.5601329043950345
0.03,0.03,0.20911040311678974,0.17391304347826086,4.0,1,352,1.0,1.776672185149508,0.4555647814463007,-1.6427250677366034,0.43051502027269134,0.3994935780498762,0.3596270343951873,0.7072410421094352,0.3968910295923907,-0.05199127139905224,0.7324410341237176,0.39090673430858436,-0.08947519846199659,0.9316341022254643,0.4055971723126736,-0.38576650013932445
0.075,0.075,0.20201975453509421,0.17391304347826086,4.0,2,352,1.0,0.43684307868028516,0.3913790578545776,0.4235294198439765,0.45361083284148923,0.4406747116584808,0.4014022134374461,0.8044255510229218,0.6027201909315786,-0.061542889706405646,0.7985423663182172,0.42810784851670813,-0.053779271452153,0.4311509550538895,0.38813022869979635,0.4310409084525202
0.075,0.075,0.3122017008505581,0.17391304347826086,4.0,3,352,0.001,0.27522375423898665,0.38929058735060196,0.5654788854885573,0.2721482230327439,0.3927944917093136,0.5703345101461983,0.41962886310722647,0.48374122919323603,0.33749322698290285,0.35819772961617885,0.43503252858645836,0.4344802209436518,0.2557731720052814,0.37160833308761454,0.5961873128677841
0.075,0.075,0.21335821074109437,0.17391304347826086,4.0,4,352,1.0,0.26409063903127106,0.3417576319943629,0.5936373272913646,0.2615566057447397,0.3719141863937294,0.5975365057810862,0.4400768729384388,0.5072228460096767,0.3228430400240463,0.2591426892026876,0.3524502278786914,0.6012508577222306,0.247167051523892,0.3328355905669929,0.6196780619290764
0.02,0.02,0.2671029078923339,0.21739130434782608,5.0,0,352,10.0,0.3878106322435075,0.3685511943402434,0.36711119182583796,0.3450833100195093,0.43895903854292756,0.43684018270569613,0.23593868682482078,0.3264373064471629,0.6149591014488294,0.2361378231093395,0.3286774859068667,0.6146341203490484,0.31955971425608853,0.3555842063895736,0.478493496874988
0.05,0.05,0.1649680065959059,0.21739130434782608,5.0,1,352,0.1,0.28777515924356023,0.35676741812093904,0.5689928664757721,0.29618002198569215,0.39362702063787103,0.5564047202032687,0.38071185677562847,0.4161847672860238,0.4297995472615762,0.27654827006796623,0.36279949728367,0.5858076232973348,0.2850214920572057,0.345477258730229,0.5731170938892505
0.05,0.05,0.2422055007496696,0.21739130434782608,5.0,2,352,0.1,0.24608546575937973,0.3681893487696959,0.674952860086424,0.3160872565337336,0.42714406185949455,0.5824895290651566,0.34759826848539405,0.4400739923390891,0.5408675491604806,0.25030592648429084,0.36704172067134255,0.6693781761711565,0.2402256163938401,0.356441256643255,0.6826929648127041
0.05,0.05,0.20406265321637299,0.21739130434782608,5.0,3,352,0.01,0.2893369063168558,0.3942013714593181,0.5319016597832456,0.330007943486156,0.43528693059379103,0.4661027776558664,0.3437268728057842,0.40496389904484775,0.44390786264894244,0.3010815211226983,0.42029010099277614,0.5129008528447782,0.27255510402693495,0.37224868680098827,0.5590517869403909
0.02,0.02,0.23962716710900744,0.21739130434782608,5.0,4,352,0.1,0.41355653579889096,0.3653888652736406,0.41203068700349554,0.27616327555084763,0.3934353757715137,0.6073679960423644,0.21319396718158576,0.3358274330347932,0.6968938958331112,0.25576553233284205,0.35606122411298236,0.6363682560513176,0.269423395541605,0.35336377273037745,0.6169503439819466
0.02,0.02,0.41688275769225247,0.2608695652173913,6.0,0,352,10.0,0.3636943864932459,0.48125668544490546,0.5959477704855827,0.43327259908204496,0.5137539320668448,0.5186487167575307,0.3660544592437526,0.47450820583423936,0.5933258090474285,0.34868788402564815,0.4685248466156333,0.6126194899413326,0.34788281804887133,0.4537298541340183,0.6135138911608822
0.03,0.03,0.3582867580376205,0.2608695652173913,6.0,1,352,0.01,0.4142253911394374,0.4843145820932916,0.5966590087517878,0.5145360086273033,0.53153096846214,0.4989842047544234,0.42737510143495866,0.4981356106308412,0.5838548270220468,0.45110844999740396,0.5040454061452666,0.5607451081598498,0.4212832320157905,0.48327160354893195,0.5897866233402858
0.02,0.02,0.31895282865132935,0.2608695652173913,6.0,2,352,1.0,0.4142995077283691,0.5014163096449774,0.6219641514410807,0.5520387830670236,0.5674363073366132,0.49628120260523934,0.42797162043776577,0.5117036118041738,0.6094887595246639,0.40799858998071886,0.48936775784536063,0.6277135495045576,0.41992736429022576,0.49857844095846754,0.6168289014800206
0.02,0.02,0.3134783223242873,0.2608695652173913,6.0,3,352,0.1,0.4808930698651157,0.517537553121262,0.4671299120695661,0.44963232967637434,0.5480047408386335,0.501769449249458,0.44485121623687296,0.518233602388769,0.5070673262590542,0.7072399647021934,0.5552832009459483,0.2163184587282967,0.43830917321962914,0.5045093799218776,0.5143164617868777
0.02,0.02,0.4706114760245583,0.2608695652173913,6.0,4,352,0.1,0.37506840058115987,0.47205100109390674,0.6180195980134656,0.3986839328144086,0.48428739230815476,0.5939688635831457,0.34902784698997563,0.46909844553744545,0.6445400436529805,0.6565096280435624,0.5096724147021393,0.3313917908319073,0.32313245632762055,0.451143309057733,0.6709126512079706
0.15,0.15,0.8691364718210296,0.30434782608695654,7.0,0,353,1.0,0.6856606274157857,0.6897270962346841,0.33517965033617914,0.701504620392585,0.6960622872169916,0.3198172268139089,0.9769417064483631,0.8559099191519565,0.05275189953656423,0.6984541984194093,0.728956199413541,0.32277493288851944,0.7893230175869009,0.778819325725153,0.23466802151436406
0.03,0.03,0.6893698075580721,0.30434782608695654,7.0,1,353,1.0,0.546454939741229,0.623660021032814,0.5088310988155662,0.6479778015698163,0.6811415518182973,0.41757952642963536,0.5541412370812833,0.6393013411280026,0.5019224409480412,0.6531686765708229,0.6392876458114513,0.4129138235783857,0.5146901597831883,0.6045474558522012,0.5373821666780773
0.03,0.03,0.6364942709618678,0.30434782608695654,7.0,2,353,10.0,0.6148363261602848,0.6353806181680803,0.518015380826025,0.6813320291498872,0.684246548379502,0.4658878393674646,0.6042597527937507,0.6532895433298673,0.5263066047978917,0.5862752116868305,0.6274196242135814,0.540405108460764,0.5585688025039435,0.6247474532260762,0.5621248125681799
0.05,0.05,0.7884562845021102,0.30434782608695654,7.0,3,353,10.0,0.6963940355008762,0.7041146566454088,0.42538929956523297,0.8493907792363261,0.770662723745548,0.2991481751437203,0.7826707941406706,0.7689299875626902,0.3542003660218881,0.7731648785229962,0.7373078147558008,0.362043915151968,0.7059671317999007,0.7122010610820378,0.4174903181132228
0.03,0.03,0.48633740179567864,0.30434782608695654,7.0,4,353,10.0,2.192027517671224,0.7700632479398564,-0.7470638367017981,0.6696949698587553,0.6657574200794537,0.466247638759425,0.6721792123793449,0.6520235385547304,0.46426767717850026,0.6872398313354958,0.6361306092768818,0.4522642408509352,0.8149637554164296,0.651618299931254,0.35046723007229874
0.03,0.03,0.8987634058331457,0.34782608695652173,8.0,0,353,10.0,0.7208443826637008,0.7144995252139499,0.2887219025236689,0.7150734674025306,0.7205039270469871,0.29441623229356206,0.8272053971676085,0.7876653224336946,0.18377239905048115,0.771051659562077,0.762348787666365,0.2391809235681529,0.7253590434313365,0.7357508621881633,0.2842671555647083
0.02,0.02,0.7838643893688373,0.34782608695652173,8.0,1,353,1.0,0.8119721221049692,0.6972069910424618,0.3596048425914463,0.8528967272027924,0.7362261808716467,0.3273279722285063,0.7937687592218841,0.7266717217560597,0.37396167224300825,0.8720156753908416,0.7101825681366655,0.31224902862804005,0.830724381144962,0.7144153783043643,0.3448151034455379
0.04,0.04,1.040277394102771,0.34782608695652173,8.0,2,353,1.0,0.6282743592805036,0.6112920519310943,0.4470642174712949,0.6302231241379231,0.6724201151202877,0.44534913582665203,0.7717246805421214,0.7297884673788922,0.32081552616448705,0.6531011840070049,0.6451415360177116,0.42521446416674846,0.678601801600401,0.6641114212916506,0.40277171485557617
0.04,0.04,0.7361875566627328,0.34782608695652173,8.0,3,353,1.0,0.8299252865890681,0.7047214520667718,0.36323550115775627,0.8726012040015154,0.7564319176390241,0.3304921812434356,0.9236370174479459,0.8118211120690829,0.29133468755411085,0.8924701976472726,0.767345676813277,0.31524759238009525,0.819991915650839,0.7586668958438455,0.3708569317485648
0.03,0.03,0.5179070063793729,0.34782608695652173,8.0,4,353,1e-05,0.8561170781317733,0.6738696782294181,0.35808921183491194,0.9008717418983543,0.7373157567999198,0.32453246798959445,0.7690370186897244,0.7170099747425879,0.423381250760112,0.9040505469931797,0.6817791358903061,0.32214902145410973,0.8074454343558248,0.698523091250597,0.39458288076824044
0.05,0.05,0.44228902828018574,0.391304347826087,9.0,0,353,10.0,0.2509605725267141,0.35887471455994074,0.6415720182379562,0.25001349574235804,0.39783546218219523,0.6429246562917059,0.19965165710669744,0.33612487970880084,0.7148526567670954,0.20444014673334887,0.33125248466631263,0.708013619641507,0.19003630843243366,0.3169961121387776,0.7285855311567084
0.03,0.03,0.3350049972625116,0.391304347826087,9.0,1,353,10.0,0.28495413287776017,0.36782972455392166,0.6925049186602981,0.33462425646671445,0.4142516552058965,0.6389057006426724,0.2855989736236714,0.35070783145451473,0.6918090685751891,0.2645356356485572,0.343471137512737,0.7145385961610264,0.28662804953726284,0.36027704238732355,0.6906985888690034
0.1,0.1,0.644304070760917,0.391304347826087,9.0,2,353,1.0,0.29440243105539665,0.36116033788185725,0.6760199627971626,0.31112912773107365,0.39052703764983604,0.6576127920688518,0.3177723703807357,0.41578186032747605,0.6503021255330175,0.28269322666634034,0.37134551049164366,0.6889055509357614,0.2903011498523106,0.3688915940114974,0.6805332857068674
0.075,0.075,0.15946039372553356,0.391304347826087,9.0,3,353,10.0,0.44369902650434995,0.41982957349940037,0.5331689125868783,0.37530905644956464,0.4435448018725049,0.6051243647778766,0.40098260637242117,0.4510675324057004,0.5781123351985764,0.37548530836711236,0.41459336857296686,0.6049389240412231,0.46414546891787345,0.41522366773828095,0.5116565035540372
0.075,0.075,0.20486152756295437,0.391304347826087,9.0,4,353,0.01,0.35835870014717675,0.40344429059684234,0.6569942536970852,0.4227968311778704,0.44290262938459557,0.5953168081223841,0.33485211347282257,0.4087147914533605,0.679493761318805,0.40778409613843314,0.40446576035418563,0.6096863612660227,0.3268873641263255,0.38970765013337955,0.6871172815307849
0.2,0.2,0.13919858798926918,0.43478260869565216,10.0,0,353,0.1,0.2643346983142992,0.3137233335979909,0.6435023647835256,0.29412884152789626,0.3644472363898726,0.6033201954857246,0.26396028924447373,0.3010294771598548,0.6440073153210356,0.26118763609521906,0.29135567546439184,0.6477466817276718,0.26758252555844203,0.3086909697633119,0.6391221500803016
0.02,0.02,0.2370638640097168,0.43478260869565216,10.0,1,353,1.0,0.32753642837976854,0.35610667013433445,0.6448489603741232,0.3564265545427482,0.3839489167222363,0.6135231063539761,0.3309762632745268,0.34555125379875296,0.6411191128421769,0.3418432856640358,0.35365655115537253,0.6293358912983524,0.3255897099636128,0.34159046103104185,0.646959806708916
0.02,0.02,0.41873126013066364,0.43478260869565216,10.0,2,353,0.01,0.21362935797482738,0.31885634535703555,0.7456852199372015,0.22628857282786183,0.34026208074332565,0.7306150747491206,0.21341583541843995,0.31556875350228714,0.7459394075754592,0.30455994804419584,0.3688226679576165,0.6374370220598442,0.20172838988443906,0.3079003367191348,0.7598527112929454
0.2,0.2,0.14096543468735764,0.43478260869565216,10.0,3,353,10.0,0.2903780167161012,0.35455679505106885,0.7054789712636782,0.34490467805499303,0.3869141255510631,0.6501743425844749,0.3622631822045687,0.38816075935593036,0.6325681733665927,0.36066852668641985,0.40159664174012727,0.6341855808721492,0.325019344790732,0.36575784615418333,0.6703433928314182
0.2,0.2,0.2570975420058175,0.43478260869565216,10.0,4,353,0.01,0.32643732065746095,0.3851395477705561,0.6945173366734367,0.4027202941977132,0.3970776658839739,0.6231311180982677,0.43589224181590835,0.42177391776223916,0.5920885434143247,0.35587681215300404,0.39119016995684475,0.66696762437055,0.3692111406297429,0.3791863356780139,0.6544892528150509
0.1,0.1,0.3628625497405398,0.4782608695652174,11.0,0,353,1e-05,0.2041006206776288,0.3207893699985928,0.6605833047367513,0.23741593210955353,0.3656615925624562,0.6051803722500828,0.18354018221832477,0.2774078234284877,0.6947750482593877,0.45054478604983217,0.3256845028636121,0.2507498417133276,0.2105108486950371,0.3034856154330483,0.6499231783621768
0.03,0.03,0.15586046115037722,0.4782608695652174,11.0,1,353,10.0,0.28834841801240124,0.3453924138484062,0.6651711622169967,0.32158391821241433,0.3615441184113494,0.6265782544361447,0.2659601815764867,0.32127296293793134,0.6911682779200069,0.2593907077509475,0.3256543481306582,0.6987967202780869,0.2701216113709845,0.32491378408309846,0.686336045056682
0.02,0.02,0.19816960174945755,0.4782608695652174,11.0,2,353,10.0,0.2002021913928043,0.3119747880077816,0.7602483695559221,0.23625827765540763,0.3302292160238271,0.7170694941962084,0.19642325123392873,0.30711514047373306,0.7647738298325452,0.20421582107435568,0.3107968289930712,0.7554418574320729,0.19726865218769,0.3024608399076793,0.7637614220480291
0.15,0.15,0.11975238852215596,0.4782608695652174,11.0,3,353,10.0,0.2161076575990241,0.3360692349703813,0.7413360644393507,0.23571163802498074,0.340757291936711,0.717871635709849,0.2420205847263534,0.3340808762696689,0.7103203207719613,0.2287314860718157,0.32584311624120954,0.726226330749703,0.22830547479694951,0.33140381932375385,0.726736232870592
0.075,0.075,0.2091703933984361,0.4782608695652174,11.0,4,353,0.01,0.2983534005884809,0.3809388113469804,0.6693823766393763,0.3459968320509666,0.3862433906537919,0.6165867388226041,0.31937919028391903,0.3690161802537776,0.6460828378887714,0.390319279167193,0.4183830833950119,0.5674712197831356,0.3001470853520056,0.36390027327262586,0.6673947210859118
0.15,0.15,0.1807933683337658,0.5217391304347826,12.0,0,353,10.0,0.2691282164120461,0.306813630813381,0.6323965671980527,0.23610662481953454,0.3695398348791108,0.6775009066382773,0.1845913860959098,0.3009573585547268,0.7478658012928856,0.18927175792828732,0.2996289745807153,0.741472860503142,0.19558008351161138,0.3052003041628286,0.7328562904140665
0.02,0.02,0.1518652633199522,0.5217391304347826,12.0,1,353,10.0,0.2167014560328578,0.3156869759502891,0.7438940892816698,0.2923714280993012,0.3704237453833575,0.6544644773866364,0.2272634558634705,0.322308042811647,0.731411521627783,0.245155237548868,0.33783534747652183,0.7102663427868181,0.22034095038836848,0.32126894645403564,0.7395927983095825
0.03,0.03,0.1925312807493665,0.5217391304347826,12.0,2,353,1.0,0.22747069042568818,0.3319421149676948,0.7207256843211487,0.29508878379201803,0.3719169567550852,0.6377084098008534,0.23612891181163928,0.345759843940702,0.7100956605232149,0.23659003885269816,0.3457180512023707,0.7095295175243443,0.2347029217144958,0.3431013085112659,0.7118464021585407
0.04,0.04,0.3418705752470445,0.5217391304347826,12.0,3,353,10.0,0.2641795308194302,0.33264891113716977,0.7190650030283503,0.3296066962005926,0.3715318709282019,0.6494881495484192,0.29147032267721706,0.3505258096762868,0.6900433051544083,0.2909246978113003,0.35251541489535737,0.6906235360283846,0.26414638191394113,0.3465071645141139,0.7191002543880386
0.05,0.05,0.19563909428592308,0.5217391304347826,12.0,4,353,10.0,0.23741443071327303,0.35160601528629193,0.7402929082644093,0.31516721854308494,0.381158149694486,0.6552393150984486,0.26817109572162956,0.3546174232731295,0.7066482641844001,0.26296602936518454,0.35572316096157536,0.7123420741253622,0.2510509011222572,0.35023411680686983,0.7253760051055915
0.1,0.1,0.1352211756610653,0.5652173913043478,13.0,0,353,10.0,0.30525425928750094,0.36918955233395817,0.5901452199934392,0.32101210843291944,0.37397339901779275,0.5689876780480891,0.2907249294905974,0.35201540021573713,0.6096532697138661,0.3057164358961443,0.3505232893055689,0.5895246707742348,0.2806110175562208,0.3500534185039568,0.6232328841655863
0.2,0.2,0.12033602011877921,0.5652173913043478,13.0,1,353,10.0,0.29228886416058886,0.3284156185779919,0.6537528640646644,0.33222922477622546,0.36062913228428684,0.6064392740956993,0.3247495623937032,0.35130563323586417,0.615299726871241,0.29687735738064286,0.3388659387590048,0.6483173075638546,0.32318361447117167,0.3474035684528381,0.6171547581423007
0.075,0.075,0.20698979758883618,0.5652173913043478,13.0,2,353,1.0,0.2533022445178799,0.37034563817710414,0.6314493539120247,0.2538927228559632,0.355050093572553,0.6305902175336016,0.21046882654696808,0.3342729392978347,0.6937712804207397,0.25060247218826315,0.3541026431018068,0.6353774787427563,0.2199846683899104,0.34016737194450336,0.6799258853040777
0.02,0.02,1.1384112474852777,0.5652173913043478,13.0,3,353,10.0,0.29445130984504825,0.3646640750687104,0.6498390622181303,0.26409550914765795,0.34204306303857085,0.6859381226872834,0.28515363657923115,0.35954343378159126,0.6608958375867343,0.289010421605173,0.3599214486566202,0.6563093561673867,0.3050891792803691,0.3480635918722979,0.6371885281130747
0.05,0.05,0.28041601978453196,0.5652173913043478,13.0,4,353,10.0,0.3156929522915557,0.3796589259473089,0.6291743018496929,0.3338798555022425,0.382147736099498,0.6078112304496495,0.2761781753856481,0.3665218796580284,0.6755899554999336,0.2759631190925313,0.3613676805571388,0.6758425693117333,0.30493395812180024,0.3731324107031121,0.6418122511464196
0.02,0.02,0.21351276047697254,0.6086956521739131,14.0,0,353,10.0,0.2000759504887966,0.31953925234306535,0.7027491827889116,0.23403270252569178,0.3604515934580941,0.6522999795331381,0.2002463524984766,0.32953505271846584,0.7024960182456066,0.2029322748658778,0.32972286340785045,0.6985055705344998,0.198455162371337,0.3208246143019879,0.7051571713115894
0.02,0.02,0.1096198599956575,0.6086956521739131,14.0,1,353,10.0,0.21400263403082392,0.3186036729491088,0.7354246102166215,0.28332582664855255,0.36994887716393154,0.6497190730351399,0.22700448551374294,0.3271709626897654,0.7193501822565272,0.22081150535800517,0.341223103995622,0.7270066774489605,0.2190019008554418,0.32435620012587385,0.7292439247556946
0.04,0.04,0.1943827835558591,0.6086956521739131,14.0,2,353,1.0,0.2340516167291612,0.3577780627142403,0.6253880729424228,0.24275770256148638,0.3775107326008535,0.6114535245024092,0.20504440887300315,0.3555037442199683,0.6718156353126903,0.21345088166346432,0.3647040906964125,0.6583606333101368,0.19561374319283156,0.3411374159574977,0.6869099119225073
0.03,0.03,0.1527171920422294,0.6086956521739131,14.0,3,353,10.0,0.21643222988106126,0.3394553025267655,0.7225227083689493,0.27712271221373835,0.3507018284284315,0.6447143769817627,0.24242344430391075,0.3440595469494736,0.689200629729287,0.2317443003849139,0.33809598335221364,0.7028918435249859,0.2127769779924145,0.33073032664228463,0.727208929985981
0.1,0.1,0.14034433317350792,0.6086956521739131,14.0,4,353,10.0,0.26057536000154197,0.37274450075090454,0.6887228607008984,0.3504384886482362,0.41988703573403213,0.5813745004666668,0.3234541856309593,0.41433867939268937,0.6136093082748508,0.2975419909799514,0.39654169748301943,0.644563400879307,0.28669761297247875,0.38882565422151627,0.6575178374139977
0.075,0.075,0.18589405177394758,0.6521739130434783,15.0,0,353,0.0001,0.25870484350856227,0.3726659365629082,0.6840980910117811,0.25418944459985027,0.37447488476336505,0.6896117996681799,0.27278976213762707,0.372306890300674,0.6668991370899229,0.6679690228271083,0.445591400449643,0.1843496758919595,0.25709503159323205,0.36826392790047763,0.68606381631583
0.03,0.03,0.12131595582212117,0.6521739130434783,15.0,1,353,10.0,0.3066293997091507,0.37711388586455663,0.6891203119314546,0.34221730897023617,0.39019283638024627,0.6530391072570427,0.2863204801635334,0.36893643893751843,0.7097107399182667,0.2862035697379115,0.3720931671177175,0.7098292708767586,0.30125984382333904,0.3564555903254452,0.6945642969519098
0.03,0.03,0.29031696692219033,0.6521739130434783,15.0,2,353,1.0,0.21611387876704896,0.3595490199941087,0.684680946871927,0.25018639697945366,0.3815232286300367,0.6349677389941248,0.1994173508593102,0.35160581956624454,0.7090418689951635,0.21509508531607416,0.36197507568513015,0.6861674084917324,0.19809195162528126,0.3476899316288074,0.7109756810847663
0.075,0.075,0.28447270592386165,0.6521739130434783,15.0,3,353,1e-05,0.29599658064206474,0.36440070113557044,0.6466086265350155,0.3094246504821777,0.37024326065990654,0.6305768060542256,0.2860516296501104,0.3628796878989175,0.6584819389985085,0.298171288212192,0.3834273222254952,0.6440122354097366,0.27854976021602385,0.35491744543155573,0.6674384476754539
0.075,0.075,0.24013322054504896,0.6521739130434783,15.0,4,353,0.001,0.45201728440711675,0.4268487884756044,0.5102133841083811,0.3844563181984996,0.43321575642584564,0.583419560392302,0.3562225250265645,0.41141554384606044,0.614012492318797,0.43979881555222894,0.4216625841270754,0.5234527948969798,0.3395182777550679,0.3988390160440865,0.6321125009342956
0.03,0.03,0.23336294452591774,0.6956521739130435,16.0,0,353,0.1,0.3477415673193032,0.3928779690832731,0.6245000579069796,0.367721039289175,0.40480875135536515,0.6029257300934536,0.3342639619700632,0.3826343271935001,0.6390535093887959,0.3691743421795025,0.42780217314661356,0.6013564177004358,0.33823900529011314,0.38149317470970223,0.6347611593312446
0.04,0.04,0.16621469010005474,0.6956521739130435,16.0,1,353,1.0,0.3528570808183967,0.3794898059744857,0.6877806974992633,0.45664535660564604,0.4287887261821114,0.5959454904548377,0.38656909716631216,0.40276585025518913,0.6579512203477003,0.3639661414177717,0.3926892270961749,0.6779510431141771,0.36648524711809,0.38641997164800046,0.6757220573082106
0.04,0.04,0.19016648429146235,0.6956521739130435,16.0,2,353,10.0,0.26270346944223333,0.3874276645972978,0.6930654522731325,0.31233698523038855,0.40986801973576337,0.6350751990310388,0.2526856267916342,0.38437021315680053,0.7047699874651838,0.2596351900328841,0.38727460125876756,0.6966503343259194,0.25253843152872824,0.3745645567016161,0.7049419658236862
0.05,0.05,0.21426367282311878,0.6956521739130435,16.0,3,353,1e-05,0.27136882759041564,0.35661621752850625,0.6749382548224346,0.26253811844589253,0.3652546962716067,0.6855162042175904,0.2380333756122565,0.3544463805792643,0.7148694447550474,1.143766640022636,0.44504617804386176,-0.37007180737353607,0.2219307302245422,0.3467859919823897,0.7341581525192502
0.04,0.04,0.20547376326029226,0.6956521739130435,16.0,4,353,1.0,0.42104132376014797,0.4124233875862669,0.5937791650472148,0.42674748209521896,0.4440948328366192,0.5882738612386846,0.36375930923188543,0.4146964571084071,0.6490448752194162,0.34661616628518865,0.41524668054402786,0.6655845862846637,0.340918004017334,0.41184777174404513,0.671082175484395
0.075,0.075,0.21339424687254502,0.7391304347826086,17.0,0,353,0.1,0.40342778695799814,0.41105528895775717,0.6112942030476571,0.41136554116159557,0.4096377848917146,0.6036461154010757,0.3968896086777262,0.41258994899851986,0.6175937884535434,0.39746893150000007,0.41505745049829185,0.617035606427901,0.38920096233516377,0.3978458465551384,0.625001858746881
0.04,0.04,0.14306462756194735,0.7391304347826086,17.0,1,353,0.1,0.5114683415394959,0.3906296421335772,0.6161130059847344,0.43460529633255074,0.3903012233374031,0.6738032303425896,0.38699159639108627,0.3802674452294262,0.7095401052573828,0.3960982515876011,0.3813117427280402,0.702705026318966,0.37191275562103965,0.3654151960658732,0.7208576598083148
0.2,0.2,0.15255660890586564,0.7391304347826086,17.0,2,353,1.0,0.1989754955546456,0.3385778532435956,0.773230642041744,0.20599788376128872,0.34753504759151754,0.7652273325864007,0.1880085243811855,0.33708873111642507,0.7857295329469772,0.19434988209084986,0.339920855040035,0.7785023836319538,0.1809067720648309,0.3287160475649982,0.7938232924758535
0.1,0.1,0.28225920712588376,0.7391304347826086,17.0,3,353,10.0,0.36508826769889235,0.386853519983784,0.5888938741125302,0.2089777734728385,0.3450026654703947,0.76468144706347,0.2285649238651721,0.3511338356520689,0.7426254178031466,0.2249052773932936,0.34541374109259754,0.7467463474968189,0.22200789890327713,0.34678444806765313,0.7500089284988541
0.02,0.02,0.2681822104886485,0.7391304347826086,17.0,4,353,10.0,0.6212619578273737,0.4231638129277466,0.4420040115154552,0.33756983696756787,0.3808963972438492,0.6968064558145313,0.30719646110867627,0.37316324308167753,0.7240867707806443,0.3974916093599994,0.40138484244158323,0.6429867937595894,0.449027925961578,0.4016222912922393,0.5966986578732121
0.02,0.02,0.38412662837014694,0.782608695652174,18.0,0,353,10.0,0.3985630309880375,0.44301131420584305,0.621635615104365,0.2629724419129828,0.3915697454623495,0.7503546528581693,0.37442705723067987,0.44850511886269256,0.6445484097053121,0.38769713358282704,0.43388014702388433,0.6319508432324474,0.36117328275140476,0.4523645927640833,0.6571305004626129
0.02,0.02,0.27279847342749075,0.782608695652174,18.0,1,353,0.01,0.4342858461535232,0.4159021868760172,0.6971881587812824,0.37910641961232494,0.40542404398240484,0.735662780729764,0.41059621419407405,0.4288548776415641,0.7137060838644285,0.40663873724617106,0.4026480017001039,0.7164654896608391,0.4406513647858902,0.4414219660898944,0.6927497124573889
0.02,0.02,0.3212962758955572,0.782608695652174,18.0,2,353,10.0,0.2721048088393466,0.39910758008516334,0.7255672170990102,0.24251930851067977,0.3774626633059582,0.7554058341500887,0.267200525270188,0.40087507804840367,0.7305134589304598,0.2695723358195771,0.3987362377765216,0.7281213565183078,0.2609139284370114,0.39086175664099576,0.7368538403124141
0.02,0.02,0.5491883948834014,0.782608695652174,18.0,3,353,10.0,0.38144347474870777,0.46343766760253474,0.6165727032668307,0.32455364688823113,0.4300682742057121,0.6737584053489759,0.3658283913640703,0.4593121001829239,0.6322689980176556,0.3490361244632417,0.44763532379980914,0.6491485986139125,0.37046276951394513,0.45994654328920864,0.6276105172631574
0.02,0.02,0.3282215354029739,0.782608695652174,18.0,4,353,10.0,0.39459529399070586,0.4361650916885101,0.6897783844500606,0.4122502731352716,0.42932805473614005,0.6758984516780882,0.369110680673576,0.42699977204986456,0.709813792969382,0.4085841441479775,0.445924629647289,0.6787806767693981,0.3474242947212543,0.4216015880943845,0.7268631237344043
0.075,0.075,0.25245611710779253,0.8260869565217391,19.0,0,353,10.0,0.5315386868165707,0.45077759852795984,0.5667475299218636,0.48359022871045676,0.46812965510237753,0.6058298929297714,0.4957372232036887,0.4445165562691082,0.5959289854347083,0.5088680370957204,0.43951894519275236,0.5852261754719364,0.5128545881564683,0.4435325864704539,0.5819767730540129
0.05,0.05,0.17519760235597442,0.8260869565217391,19.0,1,353,10.0,0.524774998713371,0.4103833307925885,0.6356718638830914,0.5605581832265714,0.45331043633065715,0.6108291771125991,0.5418620095965087,0.44063438906845365,0.6238091058589363,0.5400202193385416,0.4293339552758361,0.6250877796018712,0.5273378601084558,0.4235912510917818,0.6338925822528945
0.05,0.05,0.27516264769648796,0.8260869565217391,19.0,2,353,0.1,0.27449923592781955,0.36161533484374037,0.7666639650077367,0.32014882018761215,0.4066786822274894,0.7278598752468963,0.2800746548283801,0.38881596747279734,0.7619246216165595,0.26938479059635023,0.36691705201983865,0.7710114612431854,0.2710793729441596,0.36272225260809904,0.7695709941152198
0.075,0.075,0.21405751517644336,0.8260869565217391,19.0,3,353,10.0,0.44836440401633026,0.4200999950990014,0.5935121138633928,0.3920269457721544,0.4490083607771956,0.6445877436565873,0.42085294057848893,0.4304112061383079,0.6184540506389209,0.43675507265430363,0.4208505475207102,0.6040371522530097,0.4145074491178499,0.41763484672256884,0.6242068833509467
0.075,0.075,0.18514996844040263,0.8260869565217391,19.0,4,353,10.0,0.4295182804421046,0.41461538083929245,0.6734440931121801,0.49149381152870275,0.42948947482188016,0.6263250840259853,0.4293868662883367,0.43600787939527247,0.6735440052000136,0.41189984168019067,0.4201916362196733,0.686839111461393,0.41205340541771707,0.4200132564009816,0.6867223593978454
0.02,0.02,0.2226843186894255,0.8695652173913043,20.0,0,353,10.0,0.509118017731997,0.4004379498904024,0.6486944144624096,0.6329121648149134,0.46769549513426983,0.5632730115412823,0.518103550289355,0.4113069664925696,0.6424941472031758,0.5126968224490471,0.39750794333782136,0.6462249397181278,0.5248445271293478,0.3897614418225241,0.6378426857867865
0.02,0.02,0.2967492567963431,0.8695652173913043,20.0,1,353,0.1,0.6120742625614984,0.4308594864909038,0.6208959800300933,0.7161303438738295,0.5064157178547894,0.556446155653012,0.6199793441802454,0.446477737849835,0.6159997633401193,0.5998347972948385,0.43321004805772606,0.6284768092998204,0.5960952545058319,0.4253209610135884,0.6307929918137347
0.03,0.03,0.31461800380342847,0.8695652173913043,20.0,2,353,10.0,0.27407172706234356,0.3682253535565928,0.7906141999440306,0.3278089751833166,0.40771706247161843,0.749559922615904,0.28021599683694276,0.3757570175212017,0.7859200899155945,0.2691564058770657,0.3677736467694585,0.794369415667823,0.2784437666597967,0.3572379893689584,0.7872740414431836
0.02,0.02,0.234746950739893,0.8695652173913043,20.0,3,353,10.0,0.3430480662874757,0.38841000344233845,0.6940590242790243,0.4367551012686685,0.45860811369633697,0.6104881648821923,0.34767650560197466,0.40126513730344016,0.6899312375951707,0.31572028356021764,0.3637982958898353,0.7184307941081008,0.3508997776663701,0.3772024231830029,0.6870566229352854
0.04,0.04,0.185990310651481,0.8695652173913043,20.0,4,353,10.0,0.4958693913791962,0.41528998909267345,0.6562613438813325,0.5825536375565696,0.45308155299747094,0.5961714758521841,0.4924753376139109,0.4215451117069356,0.6586141155997658,0.4893830651656144,0.41003894078674796,0.6607576912957244,0.4806389274369351,0.4079440826846054,0.6668191627316056
0.03,0.03,0.22215020330663307,0.9130434782608695,21.0,0,353,10.0,0.3989614083777671,0.4010535896599083,0.715134734882324,0.38343794440216245,0.41273358350648537,0.7262187535069227,0.3659452072295748,0.39027189891137565,0.7387088668553914,0.8052460964236084,0.4542745280064087,0.4250405229031974,0.43106280435316346,0.4552856174222141,0.6922137894396009
0.2,0.2,3.6752158521811045,0.9130434782608695,21.0,1,353,10.0,0.4539166473846502,0.427278459636984,0.6873348060986526,0.46250471076128086,0.4570636783338948,0.6814192079015771,0.4070013899192095,0.4449461632356001,0.7196508010216882,0.40745659183554067,0.43357616686753714,0.7193372505135629,0.4351274746573539,0.4472572212592402,0.7002770948820111
0.02,0.02,0.37326498151577325,0.9130434782608695,21.0,2,353,10.0,0.3524604427502042,0.38672543759084327,0.7400955474071791,0.39048736554626845,0.4233972275273785,0.7120544813630526,0.3470416849344306,0.3876509652520928,0.7440913412978423,0.35655670655972377,0.40075392059059806,0.7370749610549016,0.2563630206953744,0.3527659573059982,0.8109578197230625
0.04,0.04,0.22000507215043505,0.9130434782608695,21.0,3,353,10.0,0.3947495052948566,0.4190685369914728,0.6430758609441951,0.4095012884255647,0.4373383203817567,0.6297376111862047,0.365777575281055,0.4115249373139022,0.6692716662289597,0.3691837170432036,0.4118006326112702,0.6661919050141892,0.3627770331105627,0.4082460898482638,0.671984692886469
0.15,0.15,0.2391191006337247,0.9130434782608695,21.0,4,353,10.0,0.3701197848282453,0.4077096914989654,0.7221400627286005,0.40563160077334504,0.42249896077761157,0.6954802856635138,0.3530833243789573,0.41909967922885705,0.734929840594603,0.3369170229590473,0.40302230991388577,0.7470663641812337,0.3842306502234212,0.41168266636873846,0.7115466161357138
0.05,0.05,0.17551264720903723,0.9565217391304348,22.0,0,353,10.0,0.3931635883084766,0.3657806294218779,0.7089810523063915,0.5286461971823422,0.45602899215566634,0.6086970803473151,0.4393814645715762,0.4269894923699724,0.6747706673300301,0.41989222525218345,0.4236748165839127,0.689196565573762,0.4099677356739341,0.40556554278569273,0.696542654070625
0.2,0.2,0.3901698995003079,0.9565217391304348,22.0,1,353,0.1,0.39318764010050494,0.38669618699623654,0.7144470940459083,0.5486932790218846,0.4688807326937193,0.6015109725673771,0.4719504102416572,0.47378918142669474,0.6572455556428926,0.423852916342994,0.40284645029898336,0.6921764073562418,0.42089460001312196,0.43923310825344797,0.6943248874674439
0.02,0.02,0.22351647045589784,0.9565217391304348,22.0,2,353,1e-05,0.36735285961986514,0.38014803990505125,0.7178459439173623,0.4144998136740999,0.44446081483307287,0.6816336102714241,0.31698577542829603,0.3858638000453294,0.7565315747095459,0.34877477731414813,0.3729054807285165,0.7321152796242341,0.362659861090471,0.37165553762993553,0.7214505124829335
0.02,0.02,0.2235744357569982,0.9565217391304348,22.0,3,353,10.0,0.2936513707165775,0.37290795386377296,0.7091247737579152,0.35605938511434165,0.4283748791151555,0.6473067571657516,0.328479979220568,0.39791070914695337,0.6746254306982393,0.3051484405145323,0.3676933912561714,0.6977363958646314,0.26810143772560424,0.3672030549050253,0.7344331607784969
0.02,0.02,0.13487994412966672,0.9565217391304348,22.0,4,353,10.0,0.37483853061643085,0.39194373992086456,0.7209965479774089,0.5159274541484389,0.44482494323299304,0.6159798714824762,0.40938922398377103,0.4126798830830265,0.6952794406581342,0.38589086631525943,0.40026456797423204,0.7127699662334922,0.3749937774296219,0.38779121615830975,0.7208809931631144
0.1,0.1,0.14411127616252584,1.0,23.0,0,353,0.1,0.315113897386469,0.36397664567368443,0.7142112628553681,0.3852633566194526,0.4152203644996462,0.6505900594370193,0.3300264396028899,0.35871802277858367,0.7006865130966481,0.31962790112764516,0.38980075738542375,0.7101173417704636,0.31657140972658626,0.3631056269233221,0.7128893896707527
0.2,0.2,0.3625844776053097,1.0,23.0,1,353,0.1,0.2839848369842438,0.35945242337627575,0.7427674455743831,0.36541620148161535,0.39655832696916166,0.6690071768133277,0.38526706404435984,0.4349044358972706,0.6510263291779663,0.30114531522802546,0.38154104241389913,0.7272235394254147,0.3064902265776359,0.3793992449004647,0.7223821358693684
0.2,0.2,0.4485418443720924,1.0,23.0,2,353,1.0,0.3054994291917502,0.35860844670765896,0.7435603365897485,0.3843382686171892,0.43832320796053037,0.6773821263737656,0.39978460826258594,0.4432694348641259,0.6644162948170076,0.32235501065457944,0.38269438703593334,0.7294115715712746,0.30342788082509514,0.36176773792144107,0.7452992176321405
0.02,0.02,0.2256977663517891,1.0,23.0,3,353,10.0,0.37762651781098144,0.397632572353298,0.611147487582268,0.41155683556218686,0.4195202108860122,0.5762084971184354,0.3601353217132989,0.3823256451480211,0.6291586579502862,0.4450710687253097,0.4142127312235615,0.5416979605099943,0.38273916167460914,0.38916568894376713,0.6058828562131757
0.02,0.02,0.08965976555528277,1.0,23.0,4,353,0.01,0.4024675101992175,0.35939992285660527,0.6899632881539033,0.5064495980258755,0.4149985966296887,0.6098617550271386,0.4039771439730452,0.3614039757157415,0.6888003572850296,0.426843412395202,0.3432937919557364,0.6711855623161473,0.40191670535910107,0.36341923525534175,0.6903875950039495
