u0,hour,m_target,LR,Pooled,DVCM,ScalarRidge,TL,LR_mae,LR_r2,Pooled_mae,Pooled_r2,DVCM_mae,DVCM_r2,ScalarRidge_mae,ScalarRidge_r2,TL_mae,TL_r2,LR_std,Pooled_std,DVCM_std,ScalarRidge_std,TL_std,LR_mae_std,LR_r2_std,Pooled_mae_std,Pooled_r2_std,DVCM_mae_std,DVCM_r2_std,ScalarRidge_mae_std,ScalarRidge_r2_std,TL_mae_std,TL_r2_std,selected_bandwidth,selected_bandwidth_std,validation_loss,ScalarRidge_lambda,n_success,bandwidth
0.0,0.0,352,0.2158360368421574,0.213485274251775,0.29180489153320865,0.2393764689105749,0.20835054104003384,0.3092844082003431,0.7318013753806316,0.3456046821139807,0.731558310009288,0.4114578698433686,0.6292420899584281,0.30449857327541346,0.7067949128443082,0.3014090329629474,0.7419419640498932,0.07230526286282887,0.03694728413346826,0.1286097222018858,0.14008174198601242,0.07433633355451645,0.03340136808589112,0.07340934050416696,0.030626107785526314,0.04051566305940065,0.13220934829114353,0.1744219208325478,0.036288351061447906,0.14493904355949286,0.03543913814334391,0.0724005837223662,0.071,0.0751997340420829,0.13388912542103348,6.020002,5,cv
0.043478260869565216,1.0,352,0.40959101128569475,0.3131109055141402,0.3038729586732619,0.304460515614905,0.31640479732611154,0.38784152369105407,0.4201301823898441,0.39921705571750143,0.5605547893439953,0.4040745965365569,0.5744989461914095,0.3768060025431913,0.5698558072975383,0.37334917036989224,0.5551439708920258,0.12534853043371397,0.04284613953929958,0.042779816122160794,0.04024735911700714,0.06451864582418534,0.027118444150725275,0.18281604075908206,0.03292079890298474,0.050536790164552065,0.04469019419504004,0.03831715078183749,0.027264487848828862,0.06609369922988718,0.03249648579278387,0.08310872871389223,0.054000000000000006,0.028809720581775868,0.20445000289265872,4.24,5,cv
0.08695652173913043,2.0,352,0.3053290251461348,0.3267533693525028,0.2915692237050863,0.2926551846850676,0.27598076363433516,0.3927523482711819,0.5607376519051052,0.42795299518507834,0.5317506721218213,0.38790176458497216,0.5817820601971362,0.38633655224721447,0.5796083786715155,0.3776259163305168,0.6039515512577804,0.049054126050102426,0.033351854155410074,0.029936119936345616,0.03321253806763678,0.03130886860990702,0.02506069638192615,0.08160224007747145,0.0176088890171314,0.04596642920354302,0.021230572633031946,0.046605147286240246,0.01962795752021459,0.055406505641151536,0.02320293128433705,0.04966140559763025,0.05600000000000001,0.08049844718999244,0.22230324433378942,8.2,5,cv
0.13043478260869565,3.0,352,0.34903213456003757,0.32119201979645406,0.3010958706138616,0.3749604092890925,0.3193312493663507,0.38492742786397405,0.4992760418762098,0.41964756221265276,0.5504156142966663,0.3979370800757571,0.5846313713880599,0.3993258271704626,0.46281992255372284,0.3832218849217775,0.5466428291334197,0.15702774292331215,0.041280278063614936,0.08778754836202,0.21785214661135807,0.10733674834059712,0.023367990802987595,0.2561584841602833,0.025133341681645625,0.02537374255008147,0.05718046985072966,0.06562777403302543,0.04435815928628721,0.3444148394187112,0.02264673142823429,0.17440825776175775,0.049999999999999996,0.05612486080160912,0.22753995951995684,2.420002,5,cv
0.17391304347826086,4.0,352,0.6052021840124681,0.3578333892685216,0.5642209614514915,0.4877923261428487,0.42447354070560783,0.3899203860974592,0.09434141163478423,0.40802728100925406,0.4584911950440362,0.4965234105138755,0.15519844216233367,0.3995192551690872,0.2788687606835275,0.3715456630040726,0.3642545375010181,0.6588185437133866,0.08838754519095067,0.17859117472859062,0.2570816486886486,0.2938201459624364,0.04173319070472053,0.9731893223605681,0.029225257139405766,0.11606953271204308,0.07331833808475612,0.1979363838882759,0.03331317633314207,0.32565527407701117,0.027734252347325777,0.4255567823409751,0.06599999999999999,0.020124611797498106,0.22000725366725563,0.6022000000000001,5,cv
0.21739130434782608,5.0,352,0.32491293987243886,0.31270436151518777,0.30423393041464264,0.2639678146234274,0.27735706445513486,0.3706196395927674,0.510997853034955,0.41769048548111953,0.5298410411344705,0.38469747963038337,0.5452855912705881,0.3669740057935275,0.6038178057427271,0.35662303625888464,0.5820611372998561,0.07188957920486354,0.027237653140080614,0.07456800040562014,0.025318610345361495,0.028742622802214214,0.01401363529527141,0.12367245680023439,0.022465067458029394,0.07449772977095544,0.050624264027152706,0.1134388220036492,0.03333822638254598,0.059297861773490626,0.009748388606027638,0.07529891053519866,0.038,0.016431676725154984,0.22359324711265796,2.0620000000000003,5,cv
0.2608695652173913,6.0,352,0.4096361511614656,0.4696327306534309,0.40305604886866514,0.5143089033499054,0.3901070087804275,0.4913152262796686,0.5799440881522966,0.5290026682024773,0.5219304873899594,0.49433589523909377,0.5876553531012347,0.5053787252508697,0.4697576794331888,0.47824651752420566,0.6010717057952074,0.045896436686839855,0.062375614163558794,0.042565250711961315,0.1582481774085755,0.0511202800113722,0.018103424709822596,0.06418328231338505,0.031924111325944825,0.04120431657816697,0.0218931607890083,0.050630015293921346,0.03211397534977182,0.18507756731832903,0.024819484454640026,0.05686536797038923,0.022,0.004472135954999579,0.37564242854600954,2.242,5,cv
0.30434782608695654,7.0,353,0.9470746892978799,0.709980040041474,0.7180385405686824,0.6796605593071109,0.6767025734180726,0.6845891280041687,0.20807031856824104,0.6995741062479585,0.39373608130283083,0.7138908659454494,0.37988979769657705,0.6738203786942513,0.4180804041861144,0.6743867191633444,0.4204265097892286,0.6985635548194166,0.08030420276088791,0.1681659850596028,0.06814753654510117,0.13496253486786913,0.05883728342142672,0.5390242491856083,0.041183084412951924,0.07975459402541094,0.09521344455457814,0.19437632654136927,0.05439823443716646,0.08423446812723767,0.07105644605698982,0.13524623164340877,0.057999999999999996,0.05215361924162119,0.6939588473277517,6.4,5,cv
0.34782608695652173,8.0,353,0.769426645754003,0.7943332529286231,0.8170745746138568,0.8185378527200751,0.7724245152366727,0.6803179396967391,0.3633431351158157,0.7245795794955731,0.3444235979163501,0.7545913196760635,0.31865310715443984,0.7133595409048651,0.3228082060394293,0.7142935297757241,0.35945875727652554,0.09390106286717123,0.11631879715839763,0.06396399082872839,0.1063749499663835,0.06690638413740703,0.041398386193212657,0.056167468587814476,0.031818413096601765,0.058242387178392876,0.04235617343687561,0.09078931511927306,0.05238215463356252,0.06642600715833784,0.03604295465385534,0.04771752375205383,0.032,0.008366600265340755,0.795399950469372,2.600002,5,cv
0.391304347826087,9.0,353,0.32647497262227954,0.33877455351351626,0.3077715441912697,0.3069876827107584,0.31159966817324125,0.38222772821839246,0.640052013195876,0.41781231725900564,0.6279768643806982,0.3924793790699705,0.6629139894785367,0.37302565231956913,0.6652166104091082,0.3702192132818518,0.6597182381634803,0.07617923530541486,0.0652965025051382,0.07366004469652994,0.08330701607569486,0.0991952544527909,0.02766108267829279,0.0627661290317122,0.024738250055887163,0.026505094641816024,0.04785357287534675,0.05281528962049472,0.03652959480191242,0.05371781879596383,0.036532546866272955,0.08486568389414884,0.066,0.02678619047195775,0.35718400351842045,6.202,5,cv
0.43478260869565216,10.0,353,0.28446316440849145,0.3248937882302425,0.3213015623915835,0.3248272417285749,0.2978262221653938,0.3456765383821972,0.686806570606393,0.3745300050580943,0.6441527674543128,0.3544168323158129,0.6511445105039179,0.36132434125487056,0.6431345600657135,0.34062518986913715,0.6741534627457264,0.047630622032889446,0.06730747830692785,0.0863565713140313,0.04182995900261706,0.06472163145068302,0.02951823913593947,0.043331585203577244,0.02250795529862593,0.05137940921256754,0.050283225265535636,0.056943410976348675,0.04337182268270856,0.014935160260855028,0.03244323717629086,0.049275366011372064,0.128,0.0985900603509299,0.23861133776456497,2.2239999999999998,5,cv
0.4782608695652174,11.0,353,0.24142245765406786,0.27539331961066454,0.24146467800780255,0.30664041602282877,0.24127073448053338,0.33903292363442844,0.6993442555176794,0.3568871219176271,0.6566572990829778,0.3217785966727197,0.7014240629345345,0.3412723759247126,0.5997371939912652,0.32523286640404114,0.6988303198846784,0.04789584268682793,0.05400670488886708,0.05489760306443197,0.1078236451320517,0.04286388213751288,0.02678759014968368,0.047540900602518636,0.02197319291435243,0.05602923578292094,0.03378895351044241,0.042732827198544286,0.0435883780395605,0.20789991511833555,0.025123987257956667,0.046181707079051816,0.075,0.05315072906367325,0.20916307891219335,6.002002,5,cv
0.5217391304347826,12.0,353,0.24297886488065906,0.29366815029090626,0.24152503443397322,0.24498155230126767,0.23316424773013483,0.3277395296309653,0.7112748504187262,0.37291411152804826,0.654880251694527,0.3348336956512984,0.7172129105565384,0.3382841898233081,0.7128468661936103,0.3332623680898228,0.725754350075164,0.02288681629258924,0.03560483787490307,0.04086103117765877,0.037444101298539305,0.026735738630640743,0.01728098795910717,0.045491347331405675,0.004702572127170835,0.01445633723028364,0.022701967050071343,0.022592336784624262,0.02267341450531441,0.01824309918928679,0.01931056206994428,0.010952070074818514,0.057999999999999996,0.05263078946776307,0.21253991638721043,8.2,5,cv
0.5652173913043478,13.0,353,0.29219792602051475,0.30102188414300174,0.27745502607922956,0.2836339612325509,0.28676048756389444,0.3624547620210147,0.6308721604075902,0.3627686848025403,0.6199533045628646,0.35273185723781114,0.6510420140185029,0.3529562000760279,0.6410742765119931,0.3517640722953416,0.6398628613742918,0.023666665089403238,0.03885186119196994,0.04171604421816766,0.021458393710631716,0.040279294164595754,0.019793628608407436,0.02522483654880399,0.015770217047275572,0.04299620393052598,0.012039947782744562,0.037134985939120894,0.00901438492194454,0.03233890339697217,0.012517220446767799,0.02453676914159217,0.089,0.0687749954561976,0.37627485212769807,8.2,5,cv
0.6086956521739131,14.0,353,0.22502755822627699,0.2775354865195411,0.23963457536401855,0.23329619065044255,0.22250907947690074,0.3416241582568169,0.6949614870035608,0.37570001347706855,0.6279122909038233,0.3541215971940725,0.6792943547637924,0.35405754778702364,0.686265625139578,0.3411748422498321,0.701207555077954,0.023254522111191916,0.0459633892708706,0.04985212067523691,0.037421926262511326,0.03717906660828981,0.023726641641666834,0.04282789357188629,0.02667522622854341,0.0307784913957889,0.03556714440138798,0.04065518836823222,0.027064382506296236,0.03392581915592055,0.027733948911881728,0.029962155377928023,0.042,0.033466401061363026,0.16211538584884527,8.2,5,cv
0.6521739130434783,15.0,353,0.3058923974067887,0.3080948238460435,0.2801603495674291,0.381447556329103,0.2749029730025888,0.38011566640654965,0.6429442720917119,0.38992999337188,0.638323002473175,0.37342887610988296,0.6716292354641318,0.39694990992101226,0.5495622771134334,0.3652331822660745,0.6782309485924511,0.08907553061129843,0.05756814671220583,0.055749139735491886,0.17970734448158718,0.0526786889713521,0.02701129827317247,0.07615564589547263,0.025351666069557865,0.038512185610604724,0.022649276690546154,0.03988991243058121,0.03535770049742143,0.21640772570749184,0.020185165794792514,0.03018169512236712,0.056999999999999995,0.024647515087732476,0.22442658019743394,2.200222,5,cv
0.6956521739130435,16.0,353,0.33114245378609936,0.3651977963332642,0.3150622741544303,0.4966316959875966,0.3040222836357615,0.385767008953966,0.6548127255098051,0.41056300527629314,0.621547297007121,0.38778264565863224,0.6731378074352288,0.4136117720178891,0.454294114810332,0.38022229335715074,0.6841331020933573,0.06535603144785516,0.07982897604656729,0.06647862273768847,0.36445204251964025,0.06289536986036255,0.02032890780939281,0.04358654761500688,0.029761542592851402,0.03995110137332687,0.022903635709075637,0.03433280337476558,0.024101668727937325,0.4622253553845364,0.02339975145432258,0.037463901197339715,0.04,0.007071067811865476,0.20189631100016917,2.4200019999999998,5,cv
0.7391304347826086,17.0,353,0.42004436991568117,0.3197032663391683,0.3015302228847693,0.3220627903863488,0.3226112629771779,0.39005602344929213,0.6063071473404242,0.37467462370697585,0.7008329162416135,0.3708486408156235,0.7159151230483388,0.37661772636010954,0.6975952315270458,0.3680767659091805,0.697278079480623,0.15891396373807024,0.10852731484045337,0.09305949168161741,0.10320732973120658,0.11515988616411135,0.03239476018823447,0.11756192112893983,0.02793879658872227,0.0678516143976775,0.02900350459250559,0.061971754030327085,0.0332919107356891,0.06793350450465009,0.03170651879896491,0.08366240095368693,0.087,0.07032069396699667,0.21189138019097803,4.24,5,cv
0.782608695652174,18.0,353,0.3761984909440642,0.32428041801189805,0.35743257374651766,0.36430569505195887,0.35612512804190116,0.4315247680916137,0.6701484157403097,0.4067705563385129,0.7182160249530172,0.4329093893570898,0.6861701486974476,0.4257648679895216,0.680893392958981,0.4332392893757134,0.6882415388459956,0.061391693978449256,0.07278084822972247,0.053534744889726135,0.05811066177932485,0.06425848885114069,0.02483367482872719,0.04850663797844203,0.023148729622833927,0.0402728802906201,0.02246046337876599,0.044500792138270434,0.023534692155874958,0.0415434210109437,0.02773671849417937,0.04614954980803138,0.02,0.0,0.371126261595914,8.001999999999999,5,cv
0.8260869565217391,19.0,353,0.4417391211832392,0.4495635978850995,0.4335827388990806,0.4333855922730213,0.42756653514893017,0.41149832802051656,0.6472079131576529,0.4413233218519199,0.6430863545943679,0.42807719966878793,0.6547321537498277,0.41536242724576217,0.6544403360062792,0.41349883865877707,0.6592739184341838,0.10382839386027623,0.09393402394700333,0.09916144080392898,0.10540137213644611,0.10262528699950448,0.03207850531700947,0.07817972567645161,0.023778252823646387,0.04974513443258353,0.022570573052776568,0.0662839708798975,0.028191913996148472,0.07554991960353583,0.030173202881525855,0.0720548743578873,0.065,0.01369306393762915,0.2204047701554202,8.02,5,cv
0.8695652173913043,20.0,353,0.4468362930045022,0.5392320445394596,0.4516901469044857,0.43735827486935663,0.4461844506796563,0.4006445564945822,0.6821049925193781,0.4587035884308971,0.615187746108915,0.4112703941747964,0.6785918707307652,0.39446577496831786,0.6896519300179194,0.39149337961453584,0.6819571009421191,0.13620429123638145,0.15584204488989267,0.1365811549670001,0.13952487731448376,0.129483467753801,0.02412551753061188,0.06604515705594517,0.035314812428923675,0.078398502109297,0.026011695893164398,0.06570360744628664,0.029179877313128273,0.06755951215755314,0.026436687103007527,0.06306874808835024,0.026000000000000002,0.00894427190999916,0.25095776813611426,8.02,5,cv
0.9130434782608695,21.0,353,0.39404155772714466,0.41031258198172427,0.3677698363486454,0.4550720269642247,0.37391219660797514,0.40836714307563476,0.7015562024121903,0.43060635410542536,0.6889820679242542,0.41069872878836555,0.7213305031996968,0.42068551159793993,0.6589422007334169,0.41504751044089094,0.7173960026133714,0.038441425646785814,0.03107198674286354,0.02340813462255187,0.19744099352160482,0.07256337461344893,0.015767382853982943,0.03780063297595277,0.017193360904347144,0.037176055313768185,0.023412604179673828,0.030487493985291072,0.02281769655876371,0.13442536178185352,0.040599088915406305,0.05426190389303759,0.088,0.08167006795638167,0.9459510419575341,10.0,5,cv
0.9565217391304348,22.0,353,0.364438797872371,0.47276522582822145,0.3932373706891737,0.37671184514782347,0.36732348238655066,0.3794953100215607,0.7142790824009972,0.4485140724061214,0.6310256583668689,0.4194466132143953,0.6916905338077683,0.3934769413683632,0.7047989229304723,0.3942896919464823,0.7135264415925227,0.04116769229447155,0.08331542727047843,0.06817941018063287,0.05018187145481152,0.06044417655684107,0.010472915276607106,0.00530356232242829,0.015057394757501253,0.033250175756157074,0.034085916765158604,0.03866909936935664,0.023096253426260704,0.017764864321346226,0.029305616001458246,0.01740057437851711,0.062,0.07823042886243178,0.22953067941038158,6.020002,5,cv
1.0,23.0,353,0.3369384383145324,0.41060485206126385,0.37583811551923596,0.36300854162615237,0.3422290768326055,0.36781400219350446,0.7003299641511342,0.4169241413890078,0.6366099229539373,0.39612430288074857,0.6668176304653877,0.3823085420029108,0.675927195118659,0.3713715067888673,0.6953682388778774,0.05054301348942259,0.05603851474626273,0.03081976594207494,0.0673995500929058,0.046488692398009374,0.016802733517511943,0.05459733849427554,0.01488318348219064,0.04263565285012392,0.0403785092941187,0.028738786114137483,0.02547989027849797,0.07858248866174963,0.012297085698486058,0.053764031933950074,0.10800000000000001,0.09011104260855048,0.25411902600939995,2.242,5,cv
